{"cameraMode":{"drawMode":0,"name":"Shaded","section":"Shading Mode"},"sceneLighting":true,"audioPlay":false,"sceneViewState":{"showFog":true,"showMaterialUpdate":false,"showSkybox":true,"showFlares":true,"showImageEffects":true,"showParticleSystems":true,"showVisualEffectGraphs":true,"m_FxEnabled":true},"in2DMode":false,"pivot":{"x":-7.008999824523926,"y":2.125999927520752,"z":1.843999981880188},"rotation":{"x":0.011551449075341225,"y":0.9373682141304016,"z":-0.3467511832714081,"w":0.031227005645632745},"size":0.12094053626060486,"orthographic":false}