{"cameraMode":{"drawMode":0,"name":"Shaded","section":"Shading Mode"},"sceneLighting":true,"audioPlay":false,"sceneViewState":{"showFog":true,"showMaterialUpdate":false,"showSkybox":true,"showFlares":true,"showImageEffects":true,"showParticleSystems":true,"showVisualEffectGraphs":true,"m_FxEnabled":true},"in2DMode":false,"pivot":{"x":-7.361999988555908,"y":1.9299999475479127,"z":-1.2000000476837159},"rotation":{"x":-0.0003780297702178359,"y":0.9977972507476807,"z":-0.06626152992248535,"w":-0.005686310585588217},"size":1.1018562316894532,"orthographic":false}