{"cameraMode":{"drawMode":0,"name":"Shaded","section":"Shading Mode"},"sceneLighting":true,"audioPlay":false,"sceneViewState":{"showFog":true,"showMaterialUpdate":false,"showSkybox":true,"showFlares":true,"showImageEffects":true,"showParticleSystems":true,"showVisualEffectGraphs":true,"m_FxEnabled":true},"in2DMode":false,"pivot":{"x":-7.413079738616943,"y":4.159473896026611,"z":-3.140000104904175},"rotation":{"x":0.0003271443711128086,"y":0.9995958209037781,"z":-0.012895344756543637,"w":0.025792283937335016},"size":0.10337025672197342,"orthographic":false}