{"cameraMode":{"drawMode":0,"name":"Shaded","section":"Shading Mode"},"sceneLighting":true,"audioPlay":false,"sceneViewState":{"showFog":true,"showMaterialUpdate":false,"showSkybox":true,"showFlares":true,"showImageEffects":true,"showParticleSystems":true,"showVisualEffectGraphs":true,"m_FxEnabled":true},"in2DMode":false,"pivot":{"x":-7.5960001945495609,"y":4.267240047454834,"z":-3.140000104904175},"rotation":{"x":0.000003586128968890989,"y":-0.9995133876800537,"z":-0.032995227724313739,"w":-0.0024097468703985216},"size":0.1053960993885994,"orthographic":true}