{"cameraMode":{"drawMode":0,"name":"Shaded","section":"Shading Mode"},"sceneLighting":true,"audioPlay":false,"sceneViewState":{"showFog":true,"showMaterialUpdate":false,"showSkybox":true,"showFlares":true,"showImageEffects":true,"showParticleSystems":true,"showVisualEffectGraphs":true,"m_FxEnabled":true},"in2DMode":false,"pivot":{"x":-7.380131244659424,"y":4.285951614379883,"z":-3.1408536434173586},"rotation":{"x":0.00388388242572546,"y":-0.9953402280807495,"z":0.08530990034341812,"w":0.04541417583823204},"size":0.14243704080581666,"orthographic":false}