{"cameraMode":{"drawMode":0,"name":"Shaded","section":"Shading Mode"},"sceneLighting":true,"audioPlay":false,"sceneViewState":{"showFog":true,"showMaterialUpdate":false,"showSkybox":true,"showFlares":true,"showImageEffects":true,"showParticleSystems":true,"showVisualEffectGraphs":true,"m_FxEnabled":true},"in2DMode":false,"pivot":{"x":-7.403215408325195,"y":2.465555191040039,"z":-2.3854033946990969},"rotation":{"x":-0.0001499178761150688,"y":0.9955764412879944,"z":0.09496781975030899,"w":0.00029040846857242286},"size":0.8364998698234558,"orthographic":false}