{"cameraMode":{"drawMode":0,"name":"Shaded","section":"Shading Mode"},"sceneLighting":true,"audioPlay":false,"sceneViewState":{"showFog":true,"showMaterialUpdate":false,"showSkybox":true,"showFlares":true,"showImageEffects":true,"showParticleSystems":true,"showVisualEffectGraphs":true,"m_FxEnabled":true},"in2DMode":false,"pivot":{"x":-3.9676156044006349,"y":0.9233124256134033,"z":-1.8374229669570923},"rotation":{"x":-0.006256190128624439,"y":0.9642282128334045,"z":-0.2640673518180847,"w":-0.022857142612338067},"size":1.2753390073776246,"orthographic":false}