{"cameraMode":{"drawMode":0,"name":"Shaded","section":"Shading Mode"},"sceneLighting":true,"audioPlay":false,"sceneViewState":{"showFog":true,"showMaterialUpdate":false,"showSkybox":true,"showFlares":true,"showImageEffects":true,"showParticleSystems":true,"showVisualEffectGraphs":true,"m_FxEnabled":true},"in2DMode":false,"pivot":{"x":-7.293550491333008,"y":2.173814058303833,"z":-2.6745715141296388},"rotation":{"x":0.00003884579928126186,"y":0.9388059377670288,"z":-0.34470874071121218,"w":0.0003016581467818469},"size":0.7812362313270569,"orthographic":true}