{"cameraMode":{"drawMode":0,"name":"Shaded","section":"Shading Mode"},"sceneLighting":true,"audioPlay":false,"sceneViewState":{"showFog":true,"showMaterialUpdate":false,"showSkybox":true,"showFlares":true,"showImageEffects":true,"showParticleSystems":true,"showVisualEffectGraphs":true,"m_FxEnabled":true},"in2DMode":false,"pivot":{"x":-3.7462880611419679,"y":0.427207350730896,"z":-1.7722970247268677},"rotation":{"x":-0.009492907673120499,"y":0.9842858910560608,"z":-0.16724705696105958,"w":-0.055867962539196017},"size":1.4024386405944825,"orthographic":false}