{"cameraMode":{"drawMode":0,"name":"Shaded","section":"Shading Mode"},"sceneLighting":true,"audioPlay":false,"sceneViewState":{"showFog":true,"showMaterialUpdate":false,"showSkybox":true,"showFlares":true,"showImageEffects":true,"showParticleSystems":true,"showVisualEffectGraphs":true,"m_FxEnabled":true},"in2DMode":false,"pivot":{"x":-3.862072229385376,"y":3.2894232273101808,"z":-2.250067949295044},"rotation":{"x":0.005724337883293629,"y":0.9097952246665955,"z":-0.4148421883583069,"w":0.012557310052216053},"size":3.4244489669799806,"orthographic":false}