{"cameraMode":{"drawMode":0,"name":"Shaded","section":"Shading Mode"},"sceneLighting":true,"audioPlay":false,"sceneViewState":{"showFog":true,"showMaterialUpdate":false,"showSkybox":true,"showFlares":true,"showImageEffects":true,"showParticleSystems":true,"showVisualEffectGraphs":true,"m_FxEnabled":true},"in2DMode":false,"pivot":{"x":-7.2781453132629398,"y":2.6241867542266847,"z":-2.2936134338378908},"rotation":{"x":0.0014849844155833126,"y":0.9704580307006836,"z":-0.24149736762046815,"w":0.006117435172200203},"size":7.062429904937744,"orthographic":true}