{"cameraMode":{"drawMode":0,"name":"Shaded","section":"Shading Mode"},"sceneLighting":true,"audioPlay":false,"sceneViewState":{"showFog":true,"showMaterialUpdate":false,"showSkybox":true,"showFlares":true,"showImageEffects":true,"showParticleSystems":true,"showVisualEffectGraphs":true,"m_FxEnabled":true},"in2DMode":false,"pivot":{"x":-3.685114622116089,"y":1.0846049785614014,"z":-0.11272108554840088},"rotation":{"x":-0.00047167367301881313,"y":0.9189896583557129,"z":-0.39430809020996096,"w":-0.0011034433264285327},"size":0.5294028520584106,"orthographic":false}